area_name,area_code,low_income_children,ltc_employment_gap,ltc_working,sickness_absence,homelessness,fuel_poverty,loneliness,low_birth_weight,child_injury_admissions,self_harm_admissions,inactive_adults,suicide_rate,imd_score,imd_decile
Adur,E07000223,16.13735214490042,15.730527413509417,73.42733227906746,1.8499275795206918,5.927915835958217,8.502484671839511,16.7777546264605,2.168896696300626,107.00997643420003,276.32352165514027,19.0170238530554,13.138459962836338,17.594,6
Allerdale,E07000026,15.629143926645854,12.70982918669428,61.4339064919697,1.5683616230721142,9.655665572958195,15.583956999606599,19.7347001193739,2.4397520163483564,113.92038180953699,222.21138263548485,19.691532035406834,15.861247191011953,22.938,4
Amber Valley,E07000032,16.01972532844469,15.335151421945934,56.10463943611455,1.2052446243862056,7.741996094327897,13.94533412047345,16.2070822717383,2.138739607785352,69.57314456959243,204.7350374713007,21.624346902008135,9.70172077519238,17.97,6
Arun,E07000224,14.963084274010209,11.544733882331132,66.70784712108744,1.1863481244813483,9.247457557244836,7.95960049767055,21.7183916794075,2.2476705384031854,123.72762533597731,277.6862221375606,20.59056014298252,11.710817215635137,18.638,5
Ashfield,E07000170,21.856376938514636,16.45016392916941,63.67037501636125,1.9163811254111585,7.073910136042193,15.35763539490895,23.1145232914734,2.6128436061231817,95.12116315220017,214.40721633066227,24.975288673611868,11.544700949072965,26.308,3
Ashford,E07000105,15.658354264392992,12.778948073233478,60.0101881782228,1.011568269547688,11.145830192501966,8.17735360607428,30.0458724594727,2.0018136636703376,80.703609481133,175.41535587798035,22.738590464523284,10.810358033432514,18.546,6
Babergh,E07000200,11.734924388387663,10.555566182965993,64.61660198014386,1.258912720609395,7.53292576377888,13.317482131795451,18.6139250243484,2.1547764372396143,88.44034613412465,162.1533818011186,19.970042317019434,10.861388347674588,14.267,7
Barking and Dagenham,E09000002,32.10960255769845,13.773628909961698,56.02391509253195,1.2568735037073535,18.320849185053333,20.5262092926243,26.8035624934451,3.463386285028189,65.93617551297164,112.89571634714974,34.76157006176168,9.706923336028344,32.768,1
Barnet,E09000003,19.59791676449369,10.985718683702794,61.7829315074324,0.7224114707416327,14.3433668203465,11.80228624249635,21.2073613238082,2.8979578636086405,62.203682789394946,98.65301553207998,24.243394993854434,7.755304843512901,16.148,7
Barnsley,E08000016,22.892978035394417,14.465200229699667,56.70500676450085,1.474103667699164,7.639380756222425,18.9234902710474,20.0611981519724,2.769903930488493,93.64723858336353,268.2068918624328,26.45945382882055,11.002488637659395,29.933,2
Barrow-in-Furness,E07000027,20.644089820424945,13.953828678266023,43.1649971576379,0.8713194763866547,9.875300286098037,14.541482549729249,19.1644830710562,2.2177808426929806,160.77425738183265,365.51251210216446,26.3958972018444,16.584740065026764,31.117,2
Basildon,E07000066,21.196294659701554,10.188837676244125,74.1816391715345,1.2690184757844996,8.898556842369443,12.05881816846875,31.7136333177077,2.4442920146068037,68.30770726305174,134.87817894990567,25.6770522371462,10.83951133790366,23.243,4
Basingstoke and Deane,E07000084,11.186230741407108,8.900310661229865,72.17521381843795,1.2855360031384955,5.737040656944247,6.57586564498734,16.015283988407,1.9643301443281962,96.20091915974321,232.5606525088618,18.705061569374184,9.582067731243505,12.823,8
Bassetlaw,E07000171,17.227138565997635,12.344863398392881,59.75325331201515,1.565176739969623,5.649501963337143,14.946964113869399,24.3644526639843,2.926815845872353,96.275708067816,220.05131801263437,25.260003334889934,13.427218223288147,22.588,4
Bath and North East Somerset,E06000022,11.9240920358701,8.280972007116349,69.45227918145665,1.3643051977682745,4.858738655270737,10.7319003931809,26.8412709201801,2.343984786226709,112.19928597825002,242.3530884881707,17.187791119031534,9.922983971311043,11.745,9
Bedford,E06000055,17.89574531681161,10.545841682304253,76.7336739340907,1.3148539895205098,14.5925733141533,13.86485028176985,18.6360152801386,2.913698386199993,82.72131365808997,174.1179327987355,23.856053200906615,11.811040530841593,18.932,5
Bexley,E09000004,17.917985251011018,8.616663753675006,68.9277390524154,1.3362777787922966,7.19093407169449,11.4877255161884,18.2444567895215,2.594888736700459,81.22816836008595,91.50688333432146,23.757508888628482,9.248355639717676,16.273,6
Birmingham,E08000025,32.47028263958543,10.813799339654205,53.941543762047644,1.1494429506388455,12.9769855455964,21.48607548156605,28.4965536077944,4.068138401676963,101.36331137557757,189.10250842960795,26.839738388652666,8.75016903857806,38.067,1
Blaby,E07000129,8.79555711122141,8.374943111287475,73.14331147378005,1.2505606693570737,8.69888977412656,9.652359271432491,22.7110414425649,2.228142362291549,68.90546915824027,127.86940980998325,21.8962759004288,11.436863309210581,10.629,9
Blackburn with Darwen,E06000008,26.314890179535983,13.141844929339745,52.8778748155295,1.166005969736075,18.225349540729102,16.020891694441502,25.2355497680437,4.50524941299063,156.8618214222095,295.7936338551444,28.628173657484,13.385230667654819,36.013,1
Blackpool,E06000009,28.879686128746638,15.937966456962956,57.61213752656565,1.472167373282919,19.538367629769468,16.635046385014952,29.2966775823362,3.538106045260369,158.37065474571838,491.43849341574486,29.14023926712185,17.110352381514712,45.039,1
Bolsover,E07000033,21.410002365926154,15.945718499746434,54.671998446561005,1.2629607775885534,4.108923732682504,16.2397068508533,24.0472684795637,2.658840896562133,97.02475132646636,263.0250860371677,26.352392522605516,12.375891805196595,25.047,3
Bolton,E08000001,22.98308291303351,15.282612872892289,49.584679865435,1.2321797095964815,13.743770782205367,14.703425981622,26.9651477654722,3.6509688651045282,120.18947858061846,221.8273972907015,28.283823771401632,11.703199510473533,30.691,2
Boston,E07000136,17.07138954910342,12.613779326921309,56.5708310219677,2.191964773628225,6.84608402409059,15.94003681046025,18.0692920535821,2.560247825715655,116.77184725840323,155.55351345266757,29.274229744919683,14.510902033572616,22.967,4
"Bournemouth, Christchurch and Poole",E06000058,17.10615080624048,10.915374842522418,64.6013345113634,1.32643499865991,13.5727589364414,10.8428756812992,25.5923245676021,2.786030041543722,112.04741182748187,316.8608481191302,20.8961676197206,12.689241603240177,18.173,6
Bracknell Forest,E06000036,10.465470709629937,6.349789962770016,71.6627929106389,1.1769565101112578,12.598379191955466,5.70133422152069,24.7551061206669,2.084907445011836,79.91743065847562,163.85766017565456,17.5308512248048,10.020658663272371,10.241,10
Bradford,E08000032,26.29573354433429,10.69166948591509,61.38227601977785,1.4366940072238583,13.033439450378633,18.41504755009775,21.2033106357193,4.095635194612097,119.43669584166584,235.9951367846937,26.102328470878984,10.185338529839907,34.666,1
Braintree,E07000067,13.669336971161064,11.391565616334825,74.7615572413871,1.4026083698286143,7.45856764896961,13.0124135174516,22.5479735977402,2.3266463937169783,93.54316470196873,148.83979992834253,23.090408348246783,11.018878279230373,14.723,7
Breckland,E07000143,14.618602678555327,13.763636073365795,73.49227663485115,1.2990861784191097,9.84569186739585,14.8221219026246,22.3917295682628,2.344840518713559,101.60747594843754,163.05178135904254,24.431844851498365,13.212797895970276,19.614,5
Brent,E09000005,27.533182021116335,9.56572112816933,69.1665146310458,0.8157279771733051,22.0216405793742,15.281719864328299,27.2163634323959,3.703994619763776,67.10001548006286,59.35944773471145,29.785324388946517,8.461112094212481,25.558,3
Brentwood,E07000068,10.27807966394486,2.7175657053935023,68.20647241205045,1.6822887071491772,3.0118043796308767,10.0967529480293,16.9676306365196,2.2029976287185518,66.03373652979782,85.87331845778982,19.299572515947933,11.768862723342583,10.007,10
Bristol,E06000023,24.016277786068617,10.661884151832778,67.75864580630815,1.069029380926993,12.856422734415034,14.0620346401973,22.5311110853106,2.9269603919790423,104.95914392786939,291.1776078131834,17.081116320868983,11.180790078902016,26.363,3
Broadland,E07000144,9.294155808384874,8.200400471323082,72.37905006033836,1.0291523823916109,3.8522043892196836,11.4997552847009,18.5814225914052,2.2712057629330635,101.47798898554805,162.6596014982385,20.410709280973016,11.090485934724505,11.817,9
Bromley,E09000006,15.707101171055482,11.683357607401122,75.18030511943695,1.3745185779502513,8.237476771781136,10.58990952168376,17.9018644753569,2.4091602541310992,63.76988277436736,102.38564273070969,18.67274998870345,7.7356569252994,14.163,8
Bromsgrove,E07000234,9.379595791245764,7.560839717863374,73.44103726870385,1.0487681862489244,5.7647655289049045,11.6963142827078,17.7495509135467,2.0607842312141726,86.90968781826447,161.84421644611808,18.476085694615918,10.313945890224606,11.697,9
Broxbourne,E07000095,17.20692839402561,14.695665397185108,73.6273382578557,1.6865462247019534,15.3092089960481,10.3934509837696,18.9899420802439,2.529019882128175,82.26848045732176,92.45739659847698,25.51714448338305,9.513031926523965,17.989,6
Broxtowe,E07000172,14.17812777936969,10.76722529920439,68.83040499447685,1.5038497602844862,5.456167533630423,12.624885512449548,27.6578880708137,2.412278522044208,62.38964098443048,160.37125491358057,19.560260141959834,10.087129782057609,14.238,8
Buckinghamshire UA,E06000060,10.131550946291382,7.8556304440326885,67.16756322391755,1.0953744249317876,8.356836980050444,6.908839783705645,17.6691946267673,2.6527308535431193,96.14933677176063,117.78540497529033,17.724999167990966,8.813709603334068,10.052,10
Burnley,E07000117,26.544908098121045,13.958989113380666,58.220058180513,1.657290699613753,14.020005136765333,16.14201848920475,24.6569822843723,3.7446843844434246,164.06871797161725,298.23553589392185,27.236593401121766,14.025868339307955,37.793,1
Bury,E08000002,17.27663376311531,12.606897786404078,65.5694311296361,1.2321938974445348,9.744651473063954,13.27032092135535,24.4041778327491,2.7395671567736164,131.85549852236983,201.9943502154413,23.020863698948734,11.35327952334039,23.682,4
Calderdale,E08000033,20.56702476912008,9.90069089428729,64.19582022042556,1.1204236585816834,8.822760511848383,17.0124287810472,24.7927462609531,3.1846784873106126,122.86904263660571,212.03471188836144,23.353634208482184,12.34486867078503,26.351,3
Cambridge,E07000008,15.827260844217891,8.809868871449048,77.5884550825842,1.1560430366826242,14.249852579457567,14.75840423686715,23.9042164432674,2.6988530606844257,65.88214874230859,293.86100462222663,13.63916357425725,13.542020949201966,14.855,7
Camden,E09000007,34.30502484393345,13.39429494970973,55.076690976924255,1.1134295632714033,9.166042957151927,11.942655992233451,36.2835165829369,3.1759863397820896,60.14587847909905,79.90172605205511,19.08582613682865,12.94835198086497,20.131,5
Cannock Chase,E07000192,17.220858520927727,13.991668414587595,74.0343096117054,1.0856650872024083,4.800871813505947,16.29841071749175,25.119101327237,2.894362345185635,113.41488195909774,210.06635595530562,25.607526845551135,13.359376523500604,20.426,5
Canterbury,E07000106,16.9439768394061,8.479585877670035,72.3730413740625,1.8262117127388724,11.9356397980876,9.788398264956559,20.677793510537,2.206813298492221,77.2607245549633,230.8824681277551,18.2707057979276,11.852698501805309,16.798,6
Carlisle,E07000028,15.360241487166881,14.387603146507377,69.11777821783744,1.526482134183695,8.90547239293257,14.49416430634125,16.5572819462759,2.493380480488725,116.89072276627,257.6642452787856,22.85937093649118,15.708615643605384,21.997,4
Castle Point,E07000069,15.34988842323001,7.181537068316288,70.16864959635839,1.7249631795331506,6.7850101763829604,11.40843553255025,19.581043575597,1.8587531228479686,68.66649966969032,118.55234873014844,24.1467527366156,9.46891061310084,16.842,6
Central Bedfordshire,E06000056,12.101297529528082,10.456236624754291,69.58187954520135,1.299060023698304,8.606810632584923,11.4598893623614,26.185562963249,2.4400522129248445,91.95520786484825,144.6702765451199,20.504970038355783,7.8999870050604715,12.152,9
Charnwood,E07000130,13.143411443790109,10.942699295589934,78.4397148505326,1.0007952378728788,5.60662625613852,12.1981694881208,23.5741741306779,2.739860358447035,66.17036059684459,135.2116347460194,19.95826856159485,7.66234999265716,13.238,8
Chelmsford,E07000070,12.017265998492254,8.414857353743981,74.09128880975601,0.8853831312540831,10.910718825700934,10.576183564139999,17.332194731888,2.089539732620204,94.8989579408221,149.8980885438019,20.552942099597484,10.191751141524454,12.221,9
Cheltenham,E07000078,15.430253493412982,9.222550291927622,80.21564031926431,0.604259501943381,9.54836567443798,11.213167462938,24.4624928315698,2.435637641196696,84.89656089305595,231.48953350670538,17.612913427301983,13.090964645609198,14.26,8
Cherwell,E07000177,11.218757004513364,11.915332629515357,75.7624380821014,0.9806736074704359,5.8938362806987135,7.522477358980581,26.7007268302212,2.412803158528425,105.07818497441595,175.6867973811314,20.870786967727334,11.107008965151355,14.41,7
Cheshire East,E06000049,11.470983398450754,10.295095979994974,62.4519046298383,1.1895535376624753,8.213502368434014,10.843258510477451,20.7234369574597,2.191099683063799,116.22831820709538,217.02505913550823,19.228727500176067,9.413170870579727,14.475,7
Cheshire West and Chester,E06000050,14.955883052857454,11.93637648843293,71.36989998206519,1.0766808851409206,11.436228753520567,11.943051884870549,18.1252092309523,2.243897100048857,121.6091726870463,204.3078360087189,19.928116475217518,9.777718990982391,18.083,6
Chesterfield,E07000034,20.129923534169937,8.955188886151301,68.18337892512355,1.239349062050184,12.250044302096633,15.3594261450811,17.650266282736,2.519943431043232,106.45055299184459,426.23104507358465,20.612655493294916,13.032778460381026,24.926,3
Chichester,E07000225,11.579442842975636,10.454099438230008,63.33915748500315,0.8109011617212644,5.07454974904045,8.24929150796762,21.4461725048176,1.9940586612470739,137.31591904657563,221.19793131914173,17.9344578894264,12.180910309335786,14.085,8
Chorley,E07000118,12.549323067674372,14.99825346821181,52.7037169694773,1.7106035809232498,13.752567384460967,11.7116464912216,23.4705263605238,2.2793707014831295,129.93105075434673,221.04457719886656,21.2100039560047,13.05975502576417,16.863,6
Colchester,E07000071,15.836505850269646,11.132589172398992,63.84260353985515,0.8225535492714818,9.172159515368744,13.08290992243095,21.9903976337604,2.754704695137212,102.28852874254433,216.88368644516706,19.10247554810825,13.398131076343242,16.778,6
Copeland,E07000029,17.3166384480796,12.293255991173547,60.140638581258855,1.7516434484399857,10.16498496613603,15.165061537531251,19.7996438673925,2.671598486284137,139.42570885647976,275.4305922585587,23.00970790179295,17.925274508128414,25.012,3
Cornwall,E06000052,17.491944831810738,12.247241212907756,62.26162596263645,1.1458132193236774,11.55717575233345,12.0615769616949,18.6174354578989,2.5138316365771463,96.86546081534517,229.50650075608215,18.820026986564002,13.664702341261867,23.072,4
Cotswold,E07000079,9.232911397496926,9.227022519857048,73.3185912169031,1.2932138915414435,5.337004608120093,10.2308815739868,18.9004188390478,2.0210657343301754,79.62008381173669,177.52577801237769,17.236744032204083,13.628480537770155,11.061,9
County Durham,E06000047,21.861730245415472,16.203608386196823,57.373442596088395,1.6617032842126858,11.682676877560649,15.1263921897716,19.4320477440715,2.7603922774752205,154.36134681744423,241.59571744719878,25.332251960584866,12.73328596202266,26.793,3
Coventry,E08000026,24.8849576803101,11.943508900767556,61.380611858147,1.4246054678744269,15.994751516648133,19.5378449068704,26.5775506377059,3.099543602211006,162.387860493137,241.81441631643654,26.82474543403195,10.43072174832837,25.613,3
Craven,E07000163,8.35538608861234,11.990650558075759,67.3486886926876,1.2611314677461964,4.355030000469727,15.53182049001145,15.3620185338411,1.909391919700375,103.44271803559795,187.33773233736477,16.722068306755567,14.167622459004939,12.76,8
Crawley,E07000226,17.262229755437335,6.998543996471166,84.4059969996055,1.1051149976027375,14.994297229410167,7.826002433119376,20.126813116828,2.842114205766579,92.86043356630269,216.96030715996247,23.2792509975758,11.716726006744617,18.94,5
Croydon,E09000008,23.260862939623717,12.140583815812967,63.4472652528777,1.3360168330856386,15.860644758427,14.59893684016305,16.6396422675657,3.268386402415897,83.76099160100958,116.52511507886112,23.618026065768333,7.809776543508604,22.477,4
Dacorum,E07000096,13.397926451898881,7.084518807966607,81.8372116184023,1.0187589957431145,10.715522332885566,11.028115404935,23.9942194929522,2.3897309557861193,73.15044203337703,114.21906684647519,19.4407345484303,9.817448224702051,13.004,8
Darlington,E06000005,20.495534957870465,13.592117751572776,63.209514289458156,1.3544800807790205,15.158144137233,13.694182810828199,27.5079336444633,2.407070940297273,150.3302799439994,264.19709203740325,24.380001417556752,15.765832957087754,25.657,3
Dartford,E07000107,15.565063785057244,5.539751773192558,62.9834164841429,1.7211423288721743,10.40789,7.91658424667394,22.8609837859838,2.4541795791808294,109.43691641685398,181.384937918851,23.036900267292967,13.449930665040391,18.812,5
Derby,E06000015,23.46332244034399,12.149667524682911,60.09928110122285,0.8454652742158648,22.686710304123235,15.99579886680905,22.028651064426,3.4735581163942366,64.42696804987835,270.30123500734464,22.83114652289265,10.631790875048955,26.323,3
Derbyshire Dales,E07000035,9.422281332743804,7.101200428779413,62.077962704346405,0.9567922689627729,7.4014311660944765,13.4710503201081,20.9332221243248,1.8099902189604287,74.55797787947056,192.58048503659734,16.334379409234018,12.355240857634195,11.895,9
Doncaster,E08000017,22.8195624717073,13.998080541651367,57.335731829535,1.7439786311117418,12.4658663124483,18.2761394569233,24.6460893996357,3.276627241142457,106.38392400329298,212.04909628835858,27.326629959253417,10.888080190978913,30.289,2
Dorset,E06000059,12.60319875637325,10.190019232111927,63.958121205968155,1.668889458856369,8.166524034723887,9.744633682938616,22.2741190544808,2.441872918111384,118.7225956315631,256.2439841710239,18.693462509162018,12.47644607217834,15.735,7
Dover,E07000108,19.795634515524892,10.197120177175329,66.1429328288889,1.1518906707184382,10.579553937032783,10.621875001748394,15.7029104137731,2.2602582100254813,82.498115002537,214.0979655849242,21.69809216261185,15.300266050636205,22.161,4
Dudley,E08000027,21.537511549555365,12.646653034933912,66.59040092289825,1.5263572021517662,12.67857511475015,17.115579465117698,22.0804211903175,3.422112622843636,93.60163425185165,197.25281783501168,27.60523332643465,9.268109989763033,24.103,3
Ealing,E09000009,24.439881230475354,8.660901034622547,68.27260568228685,1.3396993990425885,20.5532610156746,12.775949795714201,26.3679812478241,3.3058499215299713,73.42790271874559,108.24671045130934,25.651940061911517,9.299070669068932,22.71,4
East Cambridgeshire,E07000009,10.149795906358534,4.628870069231109,80.9886523740553,1.3770491961290023,10.36601778765745,13.15863371104515,20.4133880337291,2.2724025920003723,61.51866510771869,223.33692331182021,21.188650538473333,9.471290435478952,11.507,9
East Devon,E07000040,10.922128827868805,12.020606886956475,69.102433595203,1.3363227548981946,9.23743733797443,10.039458468712464,22.462423700893,2.294734110978308,103.97880172748235,210.87913233412914,16.713074009048,11.544000212507541,12.764,8
East Hampshire,E07000085,8.653558251479962,7.699374274234333,73.27691508875989,1.299200061279845,5.424300438926753,6.420773934895864,13.795945282852,2.0581451474495593,90.35058648756723,178.17373153790075,15.64013367048555,11.015363017342361,10.284,10
East Hertfordshire,E07000242,8.331429154812064,9.765494704465954,66.04838242244256,0.9581069910018639,7.978006078343326,10.20679461862715,16.4384070492472,2.0609249684412094,79.54385701689966,82.94887553863327,17.78065225634845,8.754180947357453,8.188,10
East Lindsey,E07000137,20.728264552563964,13.124474515876333,49.825684240021644,1.521359363810519,11.3619759431666,15.434083698312051,14.5638800792346,2.6968968503427644,101.07038638545254,202.7716298786897,25.428003860501583,13.685984367254498,29.892,2
East Riding of Yorkshire,E06000011,12.2728617660967,10.519763645467831,68.36736729179219,1.2654992946015846,3.777924056237523,14.30472291857675,13.8632305424829,1.923486073612828,95.77058940535237,154.7466015554703,24.488569401086966,9.908980145515505,15.605,7
East Staffordshire,E07000193,15.681524669363345,9.812459733681125,68.74897671396289,1.7963291907946168,5.597571039738574,16.560944107751048,25.675747254092,2.7738646581575175,99.09556469276646,209.85100549600128,23.52597542745805,11.58043283883334,19.028,5
East Suffolk,E07000244,15.7416242321306,8.84844110964683,67.0313593726006,0.9709959150393137,11.151331848698517,14.6322813758715,14.2674103518173,2.4299124631020326,90.74341721603666,194.04129643721575,21.13407818069345,11.098407314355736,19.56,5
Eastbourne,E07000061,20.22192806082899,13.076295657961682,62.1892965022347,1.3447452563575844,12.2085617104149,9.384858137243011,15.2655490028543,2.5078544517492856,112.13951346663556,217.04482357931656,25.457581478387766,16.825108022878382,22.11,4
Eastleigh,E07000086,10.18385253913563,8.739950359712374,73.97442855307605,0.9732675486565414,5.65931231806793,6.538473903031244,23.2803744689478,2.1508719965688337,100.6901784303801,192.98604067168543,18.91676824592225,9.068876600028979,10.192,10
Eden,E07000030,8.721508361890242,10.89292567026148,61.6655674712885,1.138287974440049,5.814323428951863,13.794060469308999,22.0745345003815,2.240588425553432,98.81820473693205,129.51097338064616,18.494626783768634,11.95288921618312,16.328,6
Elmbridge,E07000207,8.743787020757164,9.102191877513814,68.18634147525759,1.170944723692022,5.8202766249163735,5.671126168327115,14.2960343380834,2.021460498978253,78.70529901295639,127.97479154464605,16.445071571945366,10.068313681244538,7.944,10
Enfield,E09000010,30.472201202368662,13.178875802056218,56.046876051728646,1.0952877552100242,16.779697753911165,14.404307564388148,25.7365924048106,3.357942781385311,76.82674905659508,72.65063550466965,25.239365278458585,7.096437201335343,25.781,3
Epping Forest,E07000072,14.191722572124009,9.764648780376497,74.96718555187846,1.090083340132077,7.18571566761327,11.2019042603855,15.0974719407848,2.3732477448066667,81.12860029750445,94.06003817966366,19.321941573810633,9.727468955698269,15.068,7
Epsom and Ewell,E07000208,8.77950374857486,7.91342443826933,74.43949067659736,0.7014750178366305,7.9689073975521065,6.874974518224359,21.9759728013511,2.2394892652839458,87.74273110115746,160.27910425135275,17.210714535285366,11.85116963065023,8.833,10
Erewash,E07000036,17.51769839235219,11.54655090759328,59.21936153504615,1.4480911998891748,6.569359668121713,13.40629401292465,22.9034419098587,2.41441523723642,66.70938412360843,209.64981034121726,22.0483395550138,10.79399802595385,18.818,5
Exeter,E07000041,15.566040586758737,2.8092829052425743,72.72586435579916,1.721977079835585,20.669131561501267,12.5943996529299,26.215833020517,2.6369453860497867,115.04851314576293,273.1382663131835,15.473627461312933,13.731285895602232,16.215,7
Fareham,E07000087,8.189888528326662,8.391625157288688,70.2827509056988,1.1827674714292467,6.721898032408223,5.8717349617071,21.0010678429428,1.8737796617627442,76.1796242091913,210.6712173575606,18.68819262346695,9.057918200169562,9.019,10
Fenland,E07000010,19.483091340622064,14.744689834213242,53.796622339213044,2.0725641456607162,11.310033685943043,15.56952033451425,27.1919849121443,2.731956012107629,103.7622552194152,240.91829313031036,27.727713445139834,15.79437371813139,25.426,3
Folkestone & Hythe,E07000112,20.5516452996207,10.713711980035555,70.16766024780566,1.442730201352738,8.12248186387189,10.024916255773245,16.4867669014705,2.576765656008217,83.91511734919716,209.5762666000045,21.660446222953368,12.810460401045928,24.149,3
Forest of Dean,E07000080,14.079530064754909,14.454073870469886,57.94471504836305,1.4415456148822283,7.78862309841049,12.6257066862284,18.257836174306,2.5166948260855673,83.58049418579407,163.7727468618374,18.93716313435035,13.37693388758768,18.013,6
Fylde,E07000119,11.420223003065628,14.233926371988778,64.1307554775751,1.6280878588197472,5.77699430477557,11.40878627280145,16.9064651562771,2.48719894935225,104.27253409056868,210.24551621791028,21.592132908767802,10.7605646046394,15.875,7
Gateshead,E08000037,22.6393345590266,15.820451681056678,57.528920528871,1.3255511180716153,20.0161733449501,14.6467097943517,21.8420372580267,2.8097462275122256,126.2267458250617,289.1906968085016,24.493178689057867,9.553779557396863,28.217,2
Gedling,E07000173,14.8412154035787,9.611221017061295,65.57870950428006,0.9473776542919042,5.33967897337695,11.69894956732725,19.5656971591857,2.625845210520617,66.35033380604405,171.006082011453,20.6361448432679,10.135543804935788,14.894,7
Gloucester,E07000081,18.360129945114227,11.485003609821556,67.11815849712315,1.2412030000191652,22.850172804587668,10.62106689813,19.8333721239685,2.7513516001397242,89.29286796731374,319.9164099867986,23.175690369477067,15.594694261275137,21.807,4
Gosport,E07000088,17.369828092281608,8.271376465968423,50.10304367491905,1.1924162520433967,12.322436271135066,8.384913803725375,26.7080912549377,2.463108946263209,81.22100335200189,296.2756310899813,20.89774377458807,12.20992461162789,20.541,5
Gravesham,E07000109,18.895835541177444,8.400500451658694,68.78578973561405,1.7092688836286958,13.6296035540399,9.93607184986659,26.2471637569571,2.96253872220908,103.35383793772287,178.59478483271442,25.134366984562533,14.47105625080521,21.414,4
Great Yarmouth,E07000145,23.724124737092808,12.584921921253434,53.1331949237527,1.2287567763014096,17.574923736459333,16.7642890413067,22.9979509067613,3.09602910126983,103.9292115225157,208.46285145287067,28.210880327576316,12.724393794089446,33.097,1
Greenwich,E09000011,28.80949022248559,11.47235156223491,65.76106048978735,1.1987672640116032,15.402333324870666,14.80578632072905,22.8906285740875,2.9630527861849107,83.79170775353306,88.61452639059813,22.660407050709814,9.26017905225086,24.464,3
Guildford,E07000209,9.91034341130322,4.888368188334329,84.09601830600145,1.51158348036547,7.262433556882426,7.35545285100232,19.5260678069603,2.0340404617996493,106.81700619248382,186.662504248427,16.783902701703067,9.806841360019357,9.395,10
Hackney,E09000012,35.62398051682572,13.782055035414476,73.0847037958583,1.0863147449365387,18.144613560205368,14.556918800172099,21.2292424414135,3.087422078313814,84.17286473829097,91.55517202569128,19.828514252345318,10.129999791500504,32.526,1
Hambleton,E07000164,8.867758502958312,9.30745339301442,69.74180061583846,1.2012933717639056,5.384889024258889,14.30204097760435,16.6492619379371,2.0441744391232763,129.93712602902278,176.61873715590357,19.990099005698468,12.76896649301651,11.987,9
Hammersmith and Fulham,E09000013,29.46893089757482,16.091652826892535,61.7345351840207,1.0032378236062833,13.1835668264412,11.82923526708845,24.5533651354045,2.9069748091031427,71.8067503310512,102.4333808813946,18.7930521080424,11.83406570039487,22.27,4
Harborough,E07000131,7.036298738301078,12.556576221941231,72.7958474835791,1.3950013947587172,5.1858604481523765,9.677760990297175,17.4315570081562,2.1230326710072744,70.5750244258748,144.04944443305806,20.039965829362533,13.647310519232851,8.015,10
Haringey,E09000014,31.850599095849628,14.991414519039555,64.24400310623615,0.852925603800103,24.0787371413099,16.14759924626525,34.3621835614853,3.030089607257947,75.16398926848271,84.812277386577,21.103492851621333,10.727417697687589,27.956,2
Harlow,E07000073,20.289510171232035,13.28293570481544,55.8099560983356,1.7877585629101007,8.279197082325357,13.679003991235302,20.9180787739468,2.841553070277595,81.79219723718789,163.73967859934172,26.210030657506184,17.391604549756515,21.413,4
Harrow,E09000015,19.401708845228946,6.873053376512442,68.734078580871,0.481057984862605,8.36200804170069,12.7580537248441,22.8196997002236,3.853170364597773,66.98507673507012,75.144959346535,27.065982136136316,7.345820731200719,15.031,7
Hart,E07000089,6.069600830281095,5.894735747089294,76.673788092486,1.5860618542998883,2.429411575342465,5.07411414903184,21.0157530594901,1.7870155366189855,83.09694304902148,165.55661608006713,17.20454166484945,8.388707931942562,5.544,10
Hartlepool,E06000001,28.51034774988461,16.63090371392448,50.52791611752565,1.9715576020374728,9.7171890591059,14.6814726757035,17.30630323801,3.21193932986934,122.49832979421599,271.7942646717016,30.221212005845118,13.873670475947243,35.037,1
Hastings,E07000062,27.403140751383837,14.17800893006258,62.309525528994754,1.8064101966699504,23.881893293069968,11.8499388194601,22.3507800861414,2.8928842878043515,148.38566004338819,295.02394591860104,21.181404877236318,16.059350213739606,34.281,1
Havant,E07000090,20.158031195875555,17.026173106149045,63.290527481129004,1.5479048530631572,8.43362501951064,8.206369010398426,22.1169602478852,2.502396611740898,84.56135302461713,307.4049380816151,21.81075696658795,11.611180898203534,21.806,4
Havering,E09000016,17.91088908626653,12.141355318157833,74.4078311816858,1.3787568675344504,16.812927028073,11.72089666704315,17.8766719340317,2.6847889265795293,70.60374747739095,95.40170740277524,25.895437222073415,8.502177905175715,16.789,6
Herefordshire,E06000019,13.508547992430046,12.620556953760941,68.78396010106289,1.0608981913038993,12.621819940825732,16.608326129332703,17.6813883424359,2.0888318911130885,108.86264588883259,165.7791705127193,19.942238827285536,11.50669771116177,18.89,5
Hertsmere,E07000098,12.954282477111928,10.673600330605266,59.63829971885295,0.3611617500088134,7.88626786002633,10.6470094066771,27.5294990364998,2.7594567524438918,81.38278267268826,122.82612138104867,21.107622470031885,10.872514851431555,13.938,8
High Peak,E07000037,12.896759098762727,13.14459035296149,73.87011574189265,1.136894183807152,10.910653982126666,13.3235688584542,20.0748248362851,2.318510540142584,118.51088699295062,195.2489104346475,17.961623617836416,11.661333459228437,15.642,7
Hillingdon,E09000017,21.227160340367682,11.342588593016806,65.48313699128715,0.9508015422204228,16.297521560584265,12.00822907630565,27.961413961906,3.3486828473501045,80.84395322963121,115.19720165530576,27.919711996103818,9.724769792093594,18.223,6
Hinckley and Bosworth,E07000132,11.133960913326163,7.6442518032020645,71.9750965357621,1.507085821600126,7.13013952582768,11.2980706606326,21.288291891836,2.0907177886022055,86.88796502666318,148.9352664664908,22.854325265894683,8.741514365905564,13.461,8
Horsham,E07000227,8.28154584804469,8.635168744242472,67.59332664983765,1.0601580544998734,6.502310903913074,6.421794386456906,16.5384878642857,1.9651388094277218,94.76545620672843,164.0474182195863,18.276130768580966,9.98189093082612,9.89,10
Huntingdonshire,E07000011,11.1245877517983,7.376563523394911,68.11191417200965,1.189972139321118,12.454464092034133,11.14987661985,16.4533886671765,2.4539294003530068,102.55518842874999,188.5556837345471,20.633360372692266,8.795444492546393,12.55,8
Hyndburn,E07000120,22.816698301228,13.378883489339408,63.28533000429749,1.120441749800633,5.873882633081673,15.298473618522301,23.2895698129802,3.6720000898289036,161.89249677033698,294.89819163061605,27.0020830987216,15.33662099235008,34.333,1
Ipswich,E07000202,20.56990039867259,10.190360590278955,66.73933246965325,1.5226838102361486,29.889153420962334,17.3473573577824,28.6959980491587,2.7375164754240666,93.75376685637643,247.56006060413273,24.472046998596067,12.65684288434463,25.89,3
Isle of Wight,E06000046,20.021587341708145,13.31757635013639,59.16407299343,1.4748565591319398,9.8689601450225,9.945267611331566,18.9676300828067,2.288457507319788,147.41331597236484,232.77571755816197,19.737122789564868,14.024742930635304,23.294,4
Islington,E09000019,38.947739236479464,13.191459470432802,66.09278162996566,0.8788839519604061,14.274299250226333,12.469497410214899,27.760064897013,2.909803569799818,77.81731868223099,118.27171544824107,16.496889386663582,12.55055449953283,27.535,2
Kensington and Chelsea,E09000020,24.85619273355292,10.113136980704086,57.86901277194205,0.8361572747006387,13.898128483441067,10.96415983166421,22.6679682859175,2.4569252948095213,65.74475756249765,70.61994223577426,20.928100515561017,10.061613662811144,21.526,4
King's Lynn and West Norfolk,E07000146,17.17244018577322,14.224023852445706,61.15334591715525,1.2057391153224952,6.318113607534575,16.7844591916551,21.0789091180508,2.3723858093041486,109.81014430144577,245.81010902305582,25.991880269219134,13.331084204898131,23.72,4
Kingston upon Hull,E06000010,30.800662579380862,14.466420662801712,59.873470619048646,1.3648611741054235,25.821938804732,20.198235723291198,26.4387109479894,2.8487144648410117,124.4232819397268,269.0573413181066,28.21128602981195,13.136965001817336,40.564,1
Kingston upon Thames,E09000021,13.8565361734572,8.16848861952577,71.9865106674683,1.491377483969291,5.56550469845387,10.84103028150331,19.7046573305125,2.452324749086675,82.37097599380633,96.48115678966599,19.44240835431545,8.876629161779558,11.381,9
Kirklees,E08000034,20.14389475504259,11.461658377845872,62.706134244788046,1.5294627540895265,9.416441036201316,17.11801460784405,19.677074915914,3.553396397061087,96.98849887161522,179.9318775969001,26.232359999313417,10.205217571482033,25.151,3
Knowsley,E08000011,30.450662330967184,18.85458103824751,61.12110844355725,1.2552717514245193,16.248760129873702,15.1956719712786,23.0603853725024,2.677939517768673,137.21265607809752,313.1644411840019,27.813536196208034,11.969065438793407,43.006,1
Lambeth,E09000022,30.902129370438747,13.063237990906167,69.5944231939308,0.7856860378695483,21.317210984775766,13.42594991710895,23.7510702316362,2.9017999395003393,88.85882698429285,88.14912652346148,17.798095579930717,9.758387711358928,25.422,3
Lancaster,E07000121,17.464458750863773,12.379720819402102,65.81857174129595,1.6551423743572333,15.39672,14.807339061933451,23.108017285111,2.5942650203207007,150.81902153117218,242.45685847846505,18.233848947391266,12.651643517208274,24.165,3
Leeds,E08000035,21.439545633477962,10.231806693286098,67.8530012390543,1.4091104227637703,17.894212675964297,17.2005588035109,24.6375399648594,3.2945097445135283,112.12418831539004,232.61707697645693,21.015432415331382,10.67112744947747,27.301,2
Leicester,E06000016,29.451891588002965,8.746698075888375,61.1989219580432,1.371122958952164,20.829816092365732,19.0355845967365,34.9293850463009,4.670095310136835,65.73529253284084,157.5128177759469,28.36055941494465,10.441414151199911,30.877,2
Lewes,E07000063,14.306819165641537,10.952724748548624,62.11606363953631,1.5663631366874446,6.93936370690611,7.83674687026137,24.0292544427206,2.4799848598808296,100.81604800872454,243.85189814563955,19.16493780942765,13.357357126445558,15.758,7
Lewisham,E09000023,29.350782702008463,11.144352729931711,67.80493840608955,1.6496354866783491,20.6172995721518,16.1563480184703,20.8104615715982,2.976083580280947,98.67815259806848,105.90433980631121,17.664357404871115,8.613805767895943,26.661,3
Lichfield,E07000194,12.103331302157173,13.301576369181,57.11365005679905,1.1885538859883464,6.45466488324114,12.622495721266151,18.2408084233176,2.1863052936520857,99.7405628196837,158.7588235673147,21.9388780454747,11.327890951451597,12.566,8
Lincoln,E07000138,23.11291716064177,15.196862431249825,64.5248592347712,1.632554711322497,17.948261287916633,16.0822841691872,32.306498025156,2.713165399929538,117.60582255306566,268.0406038665535,21.4154150520618,18.43196297586323,26.889,2
Liverpool,E08000012,32.07075353372011,16.533650160386156,61.14654503240145,1.5099947723729772,7.004613827657827,18.4087076048165,25.765498976216,2.8640503762999074,121.24868213030383,223.55620590661627,24.788689809926634,10.01161236471781,42.412,1
Luton,E06000032,24.794571202034263,11.987508728624585,56.458781443364046,1.194069438534375,20.97224492243117,16.20867575615795,27.1895636200476,4.301777265283002,95.40622435282268,156.07820038856568,29.367642423164433,9.951145859452922,25.908,3
Maidstone,E07000110,13.990339055474381,9.509190566570245,73.1069906793426,1.1581328828432853,12.832910848651867,8.135638602793964,28.0236289861972,2.114706983646215,78.50899871140028,234.84393381696023,20.054511721773533,10.704881024073476,16.503,6
Maldon,E07000074,12.345964601080809,6.786215988261756,78.4672430201328,1.122831025717742,5.870217240886761,12.13801966260845,15.4419971757091,2.1825348336099806,87.81760363342077,118.37364863088844,18.61591971840365,13.833645023928337,14.169,8
Malvern Hills,E07000235,13.213393008325664,11.720020080549832,69.36157007611016,1.0091631208432794,5.2625967029704865,15.36816540311045,24.2573682073449,2.1577891782958116,81.82901677877547,176.23235282349714,19.702597033303867,12.878499429246817,16.066,7
Manchester,E08000003,36.315824689696285,14.189154071712666,56.52131592176595,1.5070581712788909,26.7973155809999,20.1565669136666,31.0161279505161,3.444218834792332,159.60253045946126,207.75795013354863,24.430793620493784,12.41089955630605,40.005,1
Mansfield,E07000174,22.25807298921428,14.7103422164345,58.14091546741695,1.6999274876190884,6.77720478101084,15.645536188616,24.4837499263637,3.0740796112536173,100.19018734325739,242.65038506191462,26.838275717655616,12.454348388495,28.503,2
Medway,E06000035,20.095286189698964,10.71720472757445,66.34890183380955,1.461150014076189,14.4129907277966,9.583431361494554,14.9026884860704,2.504544258161134,110.53870364865395,162.32817111289577,23.02233690663935,9.814586771905127,23.936,3
Melton,E07000133,10.315542410288522,9.184641025733214,61.88897231196165,1.1192717977199305,11.7272204274904,12.27720419279285,14.6795923987242,2.546446268364066,63.44978296679631,112.0157710734471,21.180657327235533,14.868898852438326,12.532,8
Mendip,E07000187,13.153611332248454,10.997324984427502,74.8322650140415,1.334590907536079,12.217938463377433,10.807071107674648,16.1380945154503,2.5587843748856853,107.56718621861887,253.12565773508032,18.777701669118617,12.096577911914109,16.6,6
Merton,E09000024,17.628059769143583,8.982854349269239,70.99087976013129,1.275466666014081,8.247057564034806,12.608055505838749,24.9194776041717,2.624230437502576,91.9427422221808,90.47398951704386,19.29863177989585,9.170547491445271,14.649,7
Mid Devon,E07000042,12.174926557654663,15.357168415379345,63.6169390661818,1.6861291447747513,9.777810638656016,11.6718405997659,19.9827698973389,2.4163712663490027,100.73797866295764,186.72331739053504,18.861317991701416,13.227685625721055,16.928,6
Mid Suffolk,E07000203,9.686271327565509,9.66643078247371,74.73116121470986,1.94652757105098,5.840612608206697,13.2957983006647,14.2961521529158,1.8394985581830439,83.17015176117579,152.21888891810025,20.22441039908385,11.99338070860483,13.225,8
Mid Sussex,E07000228,7.733131925537419,10.080316791593953,68.1514324898319,1.197699796373029,7.14343971891541,6.225138105076235,26.2063133612077,1.848115304255228,83.56927651968742,191.33889235233445,15.66602429836055,9.954671194311564,7.747,10
Middlesbrough,E06000002,32.576113511398724,14.891641091915856,50.23909239486035,1.6387200640834445,20.571136222229732,16.645017270444548,24.713590491822,3.3272372742098995,153.06726744833514,398.4670610417282,29.458696067294916,16.717883262557695,40.46,1
Milton Keynes,E06000042,18.27911018927311,11.182319493918978,73.038984790061,1.3236424129298878,18.001033483394934,6.7983674795868545,23.7525191704371,3.0479426770625038,86.3526124798668,157.9521598487242,21.736818130318934,9.939658865319032,17.98,6
Mole Valley,E07000210,7.410094222383139,9.90319361307484,65.7680852068839,0.9769474980695305,7.94994577355379,6.649448600194004,16.780492382515,1.8529807507404374,94.50536568535841,164.05891486004674,16.578227655235334,12.594029170100052,9.511,10
New Forest,E07000091,12.14825120144781,3.7099037360190628,75.4705777908388,1.2681024041001319,9.37066972461905,6.8049111441864305,16.2398727563898,2.261972173215176,100.90622725373908,241.86245345147424,19.664400430655032,8.478382325504642,13.015,8
Newark and Sherwood,E07000175,16.041323256491317,15.490238583632578,56.49398130665725,1.809824156301393,5.113443434478345,13.98259448549685,21.6784872294011,2.218805543776423,88.9204181571955,189.19302022737068,21.343410820878166,13.272766390126794,19.227,5
Newcastle-under-Lyme,E07000195,16.277865152760874,13.109086287091088,67.0931070388434,1.2432329841393348,7.5635611870056,18.21212862831475,22.1082922912864,3.139140912021917,96.48057934109754,245.43231025404432,23.994570980376334,12.356373661717315,18.929,5
Newcastle upon Tyne,E08000021,28.59983791891601,13.400848430890134,55.16101329197875,1.210842697638271,14.3796427035089,16.568567836249997,25.3285661665167,3.4457514831118963,135.65017477499714,252.46935597574068,22.38055872388587,11.065970778664838,29.79,2
Newham,E09000025,33.398156812953445,16.43171365932858,60.3935903820728,0.8737217234658309,15.807323263347449,19.7609499084339,27.4096527002923,4.3549508576538765,65.72516811623426,102.75358142534893,30.307821990616283,7.886535247057053,29.577,2
North Devon,E07000043,14.55460943416991,17.34235093979909,66.0976298495372,1.4491080492801496,25.18301899595,11.9344407760921,17.6458414139491,2.206160373361525,115.8851936577142,289.39070512795274,19.071331997083885,13.050015677296855,20.559,5
North East Derbyshire,E07000038,14.795335977721246,12.332650722994147,63.85536072773495,0.9229630059026657,5.2359840661529695,13.6904761227086,14.9316006315643,2.1734977657930545,95.361296027496,243.5483150987774,20.229962724644885,10.133633345874962,17.399,6
North East Lincolnshire,E06000012,26.285758294915166,16.232081222755134,56.54436830158345,1.3028924753225453,19.046161100397633,17.245729263741502,34.20091133896,2.5568298725546925,101.74652092783592,209.1357977775792,27.668093670433436,12.824379690277377,31.335,1
North Hertfordshire,E07000099,11.806412082547755,8.41645922288439,74.69421907413701,1.3056578482152585,9.29306067763232,12.109923503413,17.8316384296694,2.3928461837334796,118.27606201428331,129.1658373459975,19.718882221081067,10.147602537894917,11.627,9
North Kesteven,E07000139,10.232447493296942,9.419380756353815,67.57233369550644,1.2336941781885042,8.0570766704885,12.01091478496005,21.6346553753273,1.8967313542965505,94.10205739749455,133.8133144112218,21.12416655882925,11.800720698234192,11.553,9
North Lincolnshire,E06000013,19.062106189016134,15.90296675509721,57.48296967838015,1.54676246845003,6.611798080311759,16.19713510049395,17.2095309568542,2.7206092342994994,100.75860666945117,162.18642822495306,25.795118365377068,11.3232792374412,22.096,4
North Norfolk,E07000147,15.334565510001282,14.311068310585167,71.46033711671029,1.1827963431368012,6.93367088277445,16.0471746414415,17.8864978839253,2.5187012625986362,103.69181350928372,183.7004247200826,19.636644200845634,11.58156282101461,21.058,5
North Somerset,E06000024,13.733772214756291,10.278807038136815,72.093927140727,1.287197030389224,9.950991616469704,8.940501980252456,26.7020490467224,2.206825179672961,92.009910508812,234.40406583773978,18.727779036754818,10.608234398451826,15.825,7
North Tyneside,E08000022,18.89136132129791,12.714957242926767,62.7785741477524,1.6732914003290036,8.60376127248911,12.6659427320636,18.8232171129567,2.5678018439047285,135.29687587339558,330.342003698544,23.00635784517165,12.930567098686621,22.279,4
North Warwickshire,E07000218,13.433296332016345,11.049026821450362,68.9508726440047,1.6923501714522273,5.4841446322461795,15.794923771101498,20.4596466861447,2.1843909743242045,100.34281275579848,169.19631735291242,23.076864396012933,12.857199602383925,17.907,6
North West Leicestershire,E07000134,13.034205628446891,8.463177978031844,66.9555044035495,1.1842165069822874,7.13090279286817,12.61927173965945,19.8380194690619,2.3117012060623074,76.39544297761647,148.44383116303632,22.184872904201534,11.659856992816025,14.573,7
Northumberland,E06000057,17.117093963815055,13.044011496870244,58.2041828478717,1.3117990514033795,5.30849629395683,13.8358954430614,23.1206958184734,2.3997869854837908,124.64347847920894,295.6465045201445,22.236397428757716,12.027872481147956,22.079,4
Norwich,E07000148,27.159577644876745,12.529633245250281,74.75203836330846,0.8947252751020761,11.535532324220233,19.15783181133925,28.6626536598612,3.027277972804781,125.74846401004628,303.04257187594806,19.887523911546584,15.092275282837416,27.599,2
Nottingham,E06000018,33.55100343406621,11.046424218998638,61.1893068930181,1.3727713788855334,20.879641502206766,19.546474643493653,28.1714496306171,3.553980515607396,79.62342269153217,237.17154010180127,23.451902203361932,11.303195092954837,34.891,1
Nuneaton and Bedworth,E07000219,18.510306659744927,15.13816674442959,68.95756434946,1.6378135179386957,15.633332853508735,16.028482795764198,25.5674187811016,2.9515403740297343,110.02232215552033,238.6757771150886,26.088948680602982,11.983305222320284,23.54,4
Oadby and Wigston,E07000135,12.053688029401073,12.121435340817005,62.5737172418085,2.0748639492451577,7.68978325531696,10.36131473404325,23.7356972242877,3.412566602690672,59.29696745030905,134.07914644281266,27.062148543093265,13.979573204793345,12.958,8
Oldham,E08000004,26.988646161647072,11.766636850292333,57.32198496641265,1.4965699072683682,14.8659854461843,14.81291490595785,19.4848871446916,3.902542217657072,156.32825036184633,206.6185437619336,27.886083096196817,10.761877023488701,33.155,1
Oxford,E07000178,20.710030368629546,4.6685121645454135,58.332575445782354,1.2968814048168933,9.5886247744418,10.44786997536093,29.434567668709,2.8459069593979764,104.89637722659262,254.6054770343,14.260317800586149,11.901723838399015,16.707,6
Pendle,E07000122,22.010909814088283,13.964279524243768,61.06495264157565,2.251770318476069,6.488718058943936,16.89713152732945,25.5830880330798,3.557023235856113,138.18932437540985,205.92798881713358,27.134200885751067,14.127432038574472,30.723,2
Peterborough,E06000031,22.441576417649337,10.335703318338515,69.2776928531263,1.4029746074458447,14.580112007611902,15.0600201890172,23.9823364768917,3.047436580977855,102.47923018763031,270.85535511547636,26.36898068719955,12.666762421215072,27.821,2
Plymouth,E06000026,20.786958555224963,12.444736525392567,64.3155571482314,1.6766326089481645,16.248185113959266,13.121724025376,25.1941003629991,2.711396395288482,126.6716305833148,242.82916500277003,21.32798407270125,10.75857184471152,26.619,3
Portsmouth,E06000044,23.046612073106882,11.076284402176354,60.7988498863853,1.2089436236629536,20.613796579557402,11.5867349927904,28.6097339735657,2.7273345934227824,82.31777521697184,318.9714386801238,21.358428570057452,11.822990447669103,26.899,2
Preston,E07000123,21.288253040892737,15.411116205920232,52.235866259603355,1.4100511758218301,20.5738758029979,15.001931290385851,33.7501125039486,3.8700894976905156,141.70686768557596,221.19323821582555,22.90627930037775,14.685985607359784,29.531,2
Reading,E06000038,19.706336926132128,8.751882918325519,72.80813571896374,0.866334466246884,14.768504836245967,10.634039712991552,20.3944362672007,3.072943753609824,81.17512125683064,177.7887647049392,20.22387310261225,11.142632457529741,19.619,5
Redbridge,E09000026,22.64676203243922,11.187240844942126,56.853202666635454,1.185615203988264,8.13186,13.67009560422355,26.4032045198343,3.9884746191261105,65.84380370615052,82.80559293163914,28.067768046401866,8.128160459633818,17.203,6
Redcar and Cleveland,E06000003,24.871521994082208,18.307254193217013,49.936069343658346,1.9792526417347653,7.471385785905389,14.357043195122351,22.4317258294569,2.7475798139306584,136.93434736293796,311.6035512270945,24.379642842488582,15.382836668094926,29.792,2
Redditch,E07000236,17.53177967004871,13.000216212001801,66.43061819737375,0.8870767884207466,11.2846332323104,14.51601910415705,21.7534508291994,2.6139752244492107,99.2357803066869,223.15459667164367,24.902495963664766,15.703569388263706,22.524,4
Reigate and Banstead,E07000211,10.369785446589972,5.7003616440807185,77.98719817552734,1.01641779166048,8.062320180266248,6.4966174927216755,16.7682568852581,2.1448814268374017,97.5576470421438,182.3877212726038,18.402057896823152,10.415965732887111,11.276,9
Ribble Valley,E07000124,6.129824032698981,6.297203650295158,73.3104013365124,1.04743138370102,2.539641177191745,11.63424566032025,19.0590826651658,2.0777816745951294,125.6147232333288,155.68982275747285,18.057731862970666,11.982384310084447,10.594,9
Richmond upon Thames,E09000027,10.194620359001405,6.7814584263657025,66.5850269278013,0.8764779177900369,3.988017341243815,9.03837230999799,16.9131650202016,2.111623424777014,84.19069593982256,127.34724513956459,16.068258482837333,8.298487622895617,9.425,10
Richmondshire,E07000166,8.881960908257547,13.955932556602956,73.6864947897834,0.8235488131482435,6.422575310638644,16.24086483128455,14.3131660298003,1.8474706399333276,133.90435065185153,142.11009650050963,17.33501485671655,13.60217610330904,12.135,9
Rochdale,E08000005,26.13718643815467,14.535744542162266,52.2384610819825,1.164373815437468,14.907143395798768,15.504427663028551,20.7908668525475,3.394603301320077,146.47427177125547,212.73657679799484,29.791824957438898,11.128271045511417,34.415,1
Rochford,E07000075,10.24496155810831,5.410489860627234,87.2861791717627,0.7862890762587886,6.825174127696643,9.92317799213326,11.2674421108438,1.8473582682698986,68.93223469891329,105.40058741084964,20.60139348373462,9.820986781027452,10.449,9
Rossendale,E07000125,17.904142760081672,12.986506227276744,80.3330451326305,1.8623730524227806,13.002697198352966,14.7134212373434,24.6309863612521,2.994592614254256,139.64415118653753,227.7822916346286,25.910707248815115,17.433303006072578,24.062,3
Rother,E07000064,17.584459373545783,12.802377100332722,67.4346977657026,0.7829554625076866,10.4108110538979,9.56946464205377,22.76378527311,2.237327009690338,129.00611921823497,204.82193940280118,22.451907076209384,12.330746065194896,19.768,5
Rotherham,E08000018,22.21070166362399,13.963880539791834,63.4291558927501,1.6021088179874738,14.72594272250615,17.4688424428786,19.0131658981228,3.113839911878614,90.87320731297146,170.29194061539022,27.5344701687521,11.541873115331567,29.55,2
Rugby,E07000220,12.423651507943891,12.30152747365331,72.7558641593757,0.8633418215112596,9.37793746844333,14.51716517106485,20.0473574734123,2.5594863518394364,127.28159067823673,205.25879852706632,22.5386158699887,11.586955778708544,14.119,8
Runnymede,E07000212,11.342993193345455,7.750854390199351,61.34026381602055,1.3442051263238117,6.0256838337847665,6.572721534951006,25.4640142584796,2.344887993609633,80.32496589414342,99.57424251929177,20.92331020935525,11.61976009668987,12.012,9
Rushcliffe,E07000176,7.530155736526176,7.599531153531103,74.29631333205525,1.2677049872829922,5.101346005512793,10.028399435156079,20.4268320990847,2.0194257239015996,59.00654561382386,132.50532668552674,17.469247480123567,9.055298210908388,7.18,10
Rushmoor,E07000092,12.59825659363439,7.583996146754063,66.2643735581842,1.7124132055942316,14.477225340320366,7.93802191131115,22.9768449023579,2.379052214673075,81.88255666075885,264.22929796756557,24.01530784338565,13.69367749604704,15.903,7
Rutland,E06000017,7.439840964611074,7.503736889815011,66.33447621810501,1.0923494331139236,5.597015807943603,11.8034069062751,24.7661908584514,2.14495341989775,75.22036966324184,140.3152425754012,19.187421674650317,12.3291278148933,8.381,10
Ryedale,E07000167,10.530692791491203,5.871262275916177,72.55593156330465,0.7570782804657061,7.612385883304063,16.118927778392802,15.7413038440687,1.9184928251659474,108.93055216456301,135.84301177638653,21.895061616603932,14.444732723116672,15.665,7
Salford,E08000006,26.78119540062841,13.780859850715933,58.4199262445038,1.4686246024037928,22.667202073399434,15.46538035295995,27.3554330755842,2.9555063401261967,154.1749728640704,354.9348872295812,26.019716145116917,11.646754576468524,34.21,1
Sandwell,E08000028,28.99184179955619,13.743721862199033,55.2391394611628,1.2543183253373615,9.390415965899976,20.854341425664202,26.3419315932288,4.042832972623184,113.4569935391668,207.21086454470233,31.084253391105268,10.066704576030904,34.884,1
Scarborough,E07000168,19.696848222773127,14.121062430896387,55.649172305746845,1.1683810282372684,14.709795688822634,17.729158442395303,17.9159986145644,2.6791710668053614,113.45345122205649,230.1998360023254,23.536683874057132,16.451291204131017,26.28,3
Sedgemoor,E07000188,16.153447869985293,12.104938194085467,63.66887198388565,1.2685038247732272,13.142685335786,11.124823971201451,27.1357743871578,2.549328010963704,108.34789350238168,228.81364864999378,24.166478756753666,12.994871256864496,21.306,4
Sefton,E08000014,19.368745224515592,15.2297803554284,61.659546538380056,1.1203053002321142,5.827619518971747,13.812084761803,16.1672521738419,2.386742205219865,105.74766248556959,243.75950114355413,24.339322777227984,10.84561298141488,27.035,2
Selby,E07000169,11.127361831790836,14.160881075762395,63.42841943681975,1.1419108512701213,6.644304807680417,13.04158545203175,17.5966556911588,2.102053801520985,106.29656205022924,143.40720333038612,20.903572844621916,9.80983699413548,12.73,8
Sevenoaks,E07000111,11.668014607740027,13.62737937838996,66.7060125727117,1.5039056347055417,7.737560940473251,7.134971249151755,18.6094111070027,1.9911931826570943,95.62694837358424,156.97200537693155,18.5531272847302,10.545042341022917,12.437,8
Sheffield,E08000019,23.68410789850749,10.607319158083051,61.7173240962792,1.5280703072701636,13.029592645867167,18.15902140563845,24.0864829535792,3.062564311981192,79.1560962292243,150.27518006442708,22.4869903889036,9.110713922615238,27.06,2
Shropshire,E06000051,12.624152045567827,11.362814625140597,64.61574343961709,1.347058918585765,7.444219508189554,16.4879042327583,17.279527373242,2.2860453543236643,101.47400289125233,158.3487822979304,19.850304865383535,10.667702106248907,17.153,6
Slough,E06000039,21.049819771027963,10.897959148267073,61.565927968876196,1.157214014451467,18.363538238788,9.36862013086924,22.8655279338848,3.7771581481049674,95.69082619862567,157.75965958991256,32.93903590112322,12.20905058433608,22.965,4
Solihull,E08000029,15.300785384932972,11.118470923821224,69.537722513966,1.2277378153354586,10.07502385425306,12.50414615585385,18.3699632921764,2.701436251500205,96.18944737408151,181.40030832515592,24.066337685286783,8.802386980913875,17.37,6
South Cambridgeshire,E07000012,8.031973017906601,8.82692536659859,72.2999263503783,1.2520833729381422,6.792291690732097,10.0605787509466,19.196912613595,1.9058085760372037,65.13512035169467,219.2420468987273,16.678295561367435,10.511306210919379,8.496,10
South Derbyshire,E07000039,12.36744786926151,11.43640706941309,73.43063681677155,1.3121886568748735,6.605566456288726,11.709998733048199,21.130631324235,2.5843222343440075,87.44822903530292,186.59250633499678,20.15839449694895,10.550826085205962,14.494,7
South Gloucestershire,E06000025,10.802035909126827,7.87163198815993,73.3321458945172,1.2054859015037447,7.369164452329146,8.15990464595998,18.1971071408097,2.2788299753438945,89.7015488972449,212.0197649216425,19.103633528042867,7.529607093875277,11.66,9
South Hams,E07000044,11.865806288450518,6.431567667859006,71.38755901584545,1.1254362058493779,9.020860945602724,10.11667066406164,20.6388645372612,2.276296135612538,88.71727438958243,155.05239456884567,15.9772028005437,13.795376902923692,13.724,8
South Holland,E07000140,14.719529851282518,12.744915768476437,70.957536896291,0.9463410205915848,9.391984692439511,13.85174730548965,26.8731667941241,2.310487423685764,97.06221086733312,140.29101347142054,29.22511807486095,12.892023192197863,17.896,6
South Kesteven,E07000141,12.622087226976072,10.606120001117612,63.4731192368412,1.2707636466580312,10.060554617875264,12.20674817473205,22.0973247683034,1.9792248972946889,92.31747606253046,169.58698999279696,23.14208394593995,10.58939636899436,13.499,8
South Lakeland,E07000031,8.056091024093151,9.320133949405024,71.56648066918066,1.4532854605451162,9.580590641546749,11.9287238403601,18.7507240946052,2.2471044923967045,118.40786620802454,166.54460768609275,18.344105554731485,13.176851176255576,12.501,8
South Norfolk,E07000149,10.855133075278582,8.042704999283798,69.65088249990325,1.3998102455774515,3.7713639742437732,13.1296132027225,12.9782964210372,2.2263028475062625,100.09124747308363,142.81804861764374,17.667961504671933,11.686265643383539,13.318,8
South Oxfordshire,E07000179,7.871209693079571,10.355631486352397,72.64222151179001,1.4224498017785419,6.45958776524216,6.70950143170254,21.8901671669187,2.0811151683155398,90.33453618054384,168.7838560883105,16.938932018656967,11.702931466535127,8.459,10
South Ribble,E07000126,11.349361340779728,13.293325754384599,68.8279894210948,1.8839894180197743,11.980736871513633,10.64264797510255,22.3480376353463,2.449154501602699,125.49761546742104,174.37797684379763,22.729582410491933,14.021195853370411,15.33,7
South Somerset,E07000189,12.751790160966273,10.683042268257562,63.26255499618515,1.9672713471640948,7.35593675595293,11.15262753166025,16.8080896006164,2.326850352600216,125.68444542611493,290.6767477673197,19.649723712226617,11.457077978590236,17.347,6
South Staffordshire,E07000196,11.618045513105818,9.964533928525222,71.39031176417325,0.9658446022048108,1.83167182028529,12.51243554185755,19.3586337251981,2.2775679788942744,76.56517733287406,150.85510598674995,22.57561763562733,10.531887755089619,13.124,8
South Tyneside,E08000023,26.61993395815201,15.956666863275622,52.1189160326173,1.6952356050711428,20.7697706730838,14.60679138185005,25.3847080931839,2.779457730990138,160.58726704787466,240.57102932926043,27.702466430959216,9.790528805760495,31.509,1
Southampton,E06000045,24.091035442998145,9.59713028459641,70.36265459631335,1.2686775313807543,12.914093601752333,11.6308979750125,26.0045923359719,2.931134323298591,113.92613978280684,360.1562717664592,23.784861651079467,12.078964712266128,26.876,2
Southend-on-Sea,E06000033,21.547993264883893,13.259776820659098,67.31707061584979,1.2633370407542206,13.319714689976433,14.88752277484075,28.562872607085,2.418754499087607,77.55159499627263,174.9029598188289,24.2631830952293,11.994390703162495,22.375,4
Southwark,E09000028,30.403163596952364,14.593596321345744,62.5135123279886,0.8906899437573297,22.940731175263767,12.876154595904,23.4849233349507,2.987739765262356,87.64406868740063,95.6382177683958,20.195790981515817,10.226809373513852,25.811,3
Spelthorne,E07000213,13.411553731991964,8.515574439327011,67.2858758757206,1.3935984714039338,10.586881715302683,6.739227863832225,19.8587705317443,2.8925544856644874,74.69664962209212,128.94753740685033,21.689843916930485,11.147933871032878,14.943,7
St Albans,E07000240,9.064041602687029,8.52205296665115,76.3327075498589,0.6300793646072879,5.318434462944277,9.252523135965815,24.2424287887897,2.4071695513622458,77.74922307574116,104.74482972647496,15.29042948226335,9.89947130343727,8.339,10
St. Helens,E08000013,23.482347412744563,16.200408239957866,61.563820480325745,1.2113800412474316,9.958104350401047,14.0266543634554,21.4419603766799,2.477045267154917,130.64833879250762,399.7340273961161,24.046083840445366,12.960747453698435,31.518,1
Stafford,E07000197,11.170830736070782,8.679677349078638,68.66378869496245,0.7537191495143729,3.4248603072711767,14.4407665894698,23.8334338144132,2.3078720703996587,123.03051341703564,228.45760425482553,19.530410898305284,13.023366432266357,13.678,8
Staffordshire Moorlands,E07000198,11.194138979456554,10.731269558373313,73.5487996275807,1.3781694569229797,5.168379540906917,15.957154183241549,23.608967814693,2.6299682461615843,94.92386996630755,192.93099099032796,23.574070311133802,11.572698263134901,15.04,7
Stevenage,E07000243,18.501299850866555,15.107712142227335,56.941779893596944,0.9187845007965756,17.9813124728379,12.3870606731459,25.1938310690093,2.9501745514724536,148.59765935033644,158.2828299328878,22.523961266397116,10.735493039684988,19.695,5
Stockport,E08000007,14.972975854522627,11.173271432289189,66.72960789710645,1.2413033266039113,8.689962393077714,12.0398554396218,20.9501828618247,2.286668792429902,126.18114363962104,227.482993776136,20.5794528818279,9.911057101426104,20.826,5
Stockton-on-Tees,E06000004,21.379985894448783,12.781068663463934,61.779701856097496,1.9814780398364418,26.362019650219434,12.928962496630099,23.2433476171428,2.968024874374394,119.35119987892324,274.5841465557438,25.388627614407568,11.489732321375284,25.79,3
Stoke-on-Trent,E06000021,26.927065393449983,14.131818468813176,65.7802401851839,1.4375330464314264,12.885456158386033,21.962028347566452,27.6656593118761,3.737857686195101,106.15820449161728,311.63676783893874,30.445103834039816,11.119548331946794,34.504,1
Stratford-on-Avon,E07000221,9.185550419501286,8.723361648721633,72.9652578324776,0.8857877315084267,9.65316566208642,13.4665185121149,17.4200747354207,2.008636641928303,109.24767296887899,163.79255607299342,18.608589424522968,11.8883923309376,11.728,9
Stroud,E07000082,10.252102939813094,8.473402768697676,70.50405977832355,1.3148954136029942,7.3626544409045,10.394179559837148,17.8843181292818,2.3919638099706044,86.65220606872312,223.35688771261894,16.210586806686567,13.080613853962234,10.797,9
Sunderland,E08000024,24.37346707444472,14.924927489438133,55.85232268419845,1.8353638669356882,12.645978093380068,14.915769753241701,26.2129585480334,3.4609381807149693,157.8561833813628,245.64420332872945,26.828677821477335,11.362713328709033,30.586,2
Surrey Heath,E07000214,8.317982264376946,4.7502267484202045,73.17258103665546,1.559588637306805,5.159095400593493,5.43701682102692,16.6400518833093,2.0308689372782065,87.00237873173943,186.31954181523633,18.634730101231767,10.888626446635476,8.066,10
Sutton,E09000029,15.134227820291246,13.362790776295768,67.6660640591319,1.164756013725325,10.073543259723326,11.333901901963511,19.3799197124173,2.4470219590320483,86.56723493056461,150.2859207347457,24.500519372057866,9.021440933597043,13.987,8
Swale,E07000113,22.0768139801091,14.848023478728056,62.557677963600554,1.502511062724121,13.375496460429332,9.586153075039585,22.362357652052,2.452543654672045,99.79889035917907,170.22574916465913,23.62759100824425,12.073711541532854,27.076,2
Swindon,E06000030,15.590281385892128,11.937635222347213,63.79421091278695,1.4608564686542702,11.4945656368042,9.69592396700625,25.5557323162794,2.817034688420092,85.0119637379285,342.6647374329158,20.894750711107548,9.55459058613005,18.622,5
Tameside,E08000008,22.31408667661631,13.91424130377651,60.9105300049168,1.3499775465310773,12.043149916991467,14.39523267057545,23.4984391012084,3.294000489742159,141.82254284846437,261.7682700242732,26.369692674977767,12.225121040167087,31.374,1
Tamworth,E07000199,17.799107970453154,14.540462251803449,69.4895714025695,2.0289204968382273,9.651846208891753,14.3847301384411,21.9052470819608,2.2137707426816564,100.43540193425234,189.89778688456562,23.778077139503868,11.380661485479513,21.061,4
Tandridge,E07000215,9.599275105128061,3.6255608609437977,83.8221405260584,1.0899680250689863,6.90573170547049,6.289463228598205,15.1617006313757,2.1736775853381958,97.77612931068113,162.23961483978374,19.032706216980316,10.609782651513886,11.896,9
Teignbridge,E07000045,13.402565601765009,8.10213044658533,65.7853942152328,1.5285957314841319,13.0348168352596,10.419780733114315,25.2050523625649,2.282898572035907,101.09101077575282,205.57144574657417,17.480859120183183,12.519998806472735,15.893,7
Telford and Wrekin,E06000020,23.056131866280072,12.691052663511089,64.5153213098215,1.3421504777323858,10.127906010451566,15.783283375204299,26.0040637477294,2.970071119289055,125.92181306849301,210.07459941201043,24.751265483271734,11.022298222057705,24.988,3
Tendring,E07000076,23.794424920165863,11.989401114533301,48.524651005859,1.7867198623623615,11.180686359275033,15.876539515307101,17.0707297164693,2.9154069795828184,96.33635041660257,244.88656582737394,26.9383537403726,13.385809442686591,30.484,2
Test Valley,E07000093,9.742812947637788,9.621810399690608,84.63125518755375,1.2686725567885506,9.173197135323893,6.841179525997195,21.4753900606998,2.076518346619949,101.28251129145924,192.87971500234366,18.77071571675765,11.426376182282509,11.931,9
Tewkesbury,E07000083,11.944663235214664,8.068170190717879,59.919064889622604,0.8913625376322207,7.87847734357589,8.59662764681308,22.7873767295172,2.3183652225185263,85.19785541461823,180.5388828254404,17.612215809366617,13.782094795229415,12.142,9
Thanet,E07000114,25.453533554604856,11.458429608273262,50.2100275164563,2.4669507918264837,18.5407113906082,11.66519327725655,23.5853694576687,2.8197443004691705,93.6319802207825,266.5459216164133,25.112880131613267,13.167472885201065,31.314,1
Three Rivers,E07000102,10.903458494081846,15.23209613117563,66.07842896217045,0.6555066205616016,7.786084026029354,10.7803181819426,21.9658389765816,2.4978180567881254,81.09124023378327,118.4528210959893,18.5359305349007,8.827441613278188,9.871,10
Thurrock,E06000034,19.907357021870826,11.56222571680417,72.49424602346986,1.359779517001063,12.8288729106575,13.37300250522515,17.2755612680077,2.4193222025401324,65.17075029040079,91.06230251432662,27.73071077845515,8.989687148185014,20.928,5
Tonbridge and Malling,E07000115,12.036674298445945,3.5801482479595306,74.71358165435021,1.539016605060259,5.369146047947316,7.3517867836313044,25.4227476307462,2.068138197259046,90.5929540219734,183.36516558286758,17.80411747918322,11.203795601820651,13.333,8
Torbay,E06000027,22.2912344318919,11.44922349780401,64.3391463817164,1.1470785224186049,17.219408752440767,11.47721689060065,16.3445808631429,2.821529699148417,105.12036970787013,315.9975215852555,22.256391891041986,16.1118554768503,28.104,2
Torridge,E07000046,16.061603335227108,10.981249916298651,72.36995162302915,1.5525184338427276,14.059615981595966,12.323065895238699,19.6689881162907,2.7213241467597875,108.58223018241577,269.42085346640044,19.987056267590685,15.70753699333498,23.269,4
Tower Hamlets,E09000030,46.20531076925832,17.427359092405855,57.58208507583184,0.794208841033454,14.6771776010488,12.57972652154385,20.7785847796789,4.692167826023733,78.22936921603582,72.09113212264559,23.651649679471266,10.324542535832665,27.913,2
Trafford,E08000009,14.232402421256173,10.943352022939997,66.3044853807261,1.0723877610503645,10.173819938494876,12.540734706127552,22.933078193756,2.738123753536415,104.31414143792234,161.44974806468696,21.543063838619485,9.44079017421454,16.088,7
Tunbridge Wells,E07000116,11.064569538948746,9.808933455736447,72.68156697872061,1.271045252944503,10.657147736605701,8.52631836457449,20.4807149598866,2.33459321426948,86.25877393707117,223.77053320533227,15.888967219312583,13.612248174992391,11.31,9
Uttlesford,E07000077,7.466996594860621,7.1021156213004355,72.31985755371889,1.1366831051996849,4.8785161479636265,11.698550595116199,15.9755911973758,1.8595374804131608,72.99209831756629,127.45104682328422,18.3128510118886,13.076780424516254,9.258,10
Vale of White Horse,E07000180,8.77458565160265,8.03108288491074,76.6587139903485,0.8752992255237246,6.508577692224133,6.788096295041855,22.0631694389112,2.1510022539387323,88.71370283890383,181.50840905968295,15.095053142438166,12.101902715040035,8.358,10
Wakefield,E08000036,20.0997638288926,13.282478857225133,63.88443037894945,1.8083073607432565,9.435799978950193,17.330488634541,16.7121716532301,2.8998347346823405,114.30472058336593,231.18926544788204,25.54625631428955,10.125760149536383,27.306,2
Walsall,E08000030,27.744284287723765,13.571828774959778,61.070837521011896,1.6918867538242863,8.010713578173227,19.4282933705072,21.9740367732725,4.2502652124123435,84.84909063131109,173.2153257082351,30.013513081633953,9.703124757321278,31.555,1
Waltham Forest,E09000031,28.266599335404155,14.412100293910553,61.1670761394883,1.0034162340726884,17.344881537482134,18.71804789198735,21.3264426643843,3.607690133633852,77.1055139527986,100.41940086531336,23.76172233450195,9.061438158387547,25.209,3
Wandsworth,E09000032,22.1833128830988,12.504288959250424,77.58980344038345,0.7740868507171467,10.63736,10.88303063576093,24.7435326027194,2.490151929674213,93.81517075063155,84.93515789733796,16.243947766364684,9.887176199623372,16.611,6
Warrington,E06000007,13.491131460671818,12.210115503314618,64.8702388452749,1.0341799968702252,17.770129800866332,11.426844049700449,20.3459766185685,2.2443988669162356,125.94801056411731,310.7766679959803,22.74695608110497,9.538408682408269,18.942,5
Warwick,E07000222,10.69171670719803,9.724658299613685,75.69552865764496,1.0947058739747146,6.75883682180737,13.1242490314644,22.4086164050247,2.405584165468618,116.81930245643834,154.58515372384213,17.36442131366465,12.278718935018572,12.005,9
Watford,E07000103,14.245637187245764,10.307362611465877,65.1987390746008,0.963814072858263,8.052828383257797,13.195119849902,20.5944452458732,3.1376998532265463,82.65346243346593,122.17155974454518,22.572805362481468,9.741502750117709,15.41,7
Waverley,E07000216,7.549401967881598,4.471737884044625,80.99024529857145,1.0294659943700122,5.25128473971599,6.739921063927156,16.9508617303787,1.607870650018589,104.90702405998526,169.3268551131268,13.797217666176333,9.943638860409948,7.494,10
Wealden,E07000065,9.942326824709255,8.36691732777487,65.92808449607216,1.1697737982216783,6.68777778181504,7.418291506760225,15.8598112810344,1.7747571918394638,93.41573521659815,144.77626193691316,17.730179217122217,10.668596939427998,12.311,9
Welwyn Hatfield,E07000241,14.650703461668945,9.51967454585967,61.00851400958115,1.5548819667446527,19.5831980674556,12.555685663961999,20.7882642342353,2.7395828828892923,114.81281740422762,108.98883632782564,20.910828304390016,11.285615970762096,14.215,8
West Berkshire,E06000037,10.003095589080514,9.275126318391614,76.44963865655475,1.1789439654995457,7.0609512797524,6.49642224860231,16.8888870276861,1.9983647195766732,77.14665541265127,164.66506051226938,19.057408130038,9.763941183615675,9.952,10
West Devon,E07000047,12.390777397856745,10.551373729846782,63.9868694646196,1.881007854348682,9.473802790322033,11.9976538105799,15.1749598728527,2.4899255613954123,98.81670695024708,181.39960146496185,16.52099671684535,14.018547187886442,18.052,6
West Lancashire,E07000127,16.46007075980039,18.300947471906735,51.4296469731353,0.875232168504677,3.22603104358488,13.091527078743649,16.9092922482117,2.3020037394225987,111.56194240318196,218.51971827960998,23.1005056358008,12.570516553204264,18.645,5
West Lindsey,E07000142,16.184901811372054,11.775683617879965,62.146234019832605,1.1453497666712835,12.532949167340767,14.544137398657451,16.429152315842,2.268448298991065,95.23215947879498,157.76658728688687,25.757097462774183,13.16998299344265,20.355,5
West Oxfordshire,E07000181,7.807809919222945,12.164856818061697,63.547118391091146,1.0868543812420213,5.653929380860333,7.08551228585036,18.9800246739627,2.0706860470246373,96.18845248623293,173.30153979988677,18.861320150793635,12.267652342424084,8.684,10
West Suffolk,E07000245,12.308566069398431,10.989886692930952,68.29404483278066,1.4474969760343406,11.388752117099934,13.2710834846339,17.7105901701646,2.222111632044602,78.55291339652682,200.40818055309205,23.290696447647434,10.157364378466696,16.245,7
Westminster,E09000033,35.25341207498137,13.35311443431806,57.66250645799235,0.7520763502375221,13.344477138811667,11.499945904843045,22.2203569290515,2.758332002057845,57.752006064955474,74.5386189807921,21.187248079441133,10.871610604719631,20.339,5
Wigan,E08000010,18.41328534725899,14.1391236747268,66.39068245242065,1.4872324562097043,14.8470482728482,14.024158274172251,18.5008888120502,2.515062944038567,118.71971136049986,334.52097338183495,26.770512396838534,12.388583933281076,25.713,3
Wiltshire,E06000054,11.021356121866827,9.540546202101595,73.15615428064795,1.167924969471626,6.980000380800666,9.93687848979221,18.3931327131696,2.2036882072045607,96.11040967129242,241.5578358585432,17.6165747422676,9.088584742850927,13.447,8
Winchester,E07000094,8.0084876865123409,8.554180026532352,70.84584158440009,0.8199884093897062,5.804370508282303,7.1962845336999095,23.9998454909787,1.869644484107927,104.28580643850799,174.34353117993018,16.212875482339967,12.654730505759487,9.615,10
Windsor and Maidenhead,E06000040,9.242043766739041,6.701918095689518,71.45299886298201,0.8614037606848457,6.576063002127544,6.169723393274505,21.2448625368948,2.613467988423755,89.90673620361862,141.8755150712479,18.802497971265602,9.387559362239315,8.376,10
Wirral,E08000015,22.835971446790335,16.180646766178157,54.251188269498044,1.5070489111652148,7.881395629671683,14.1414248787675,20.7908923994487,2.3173662972058042,107.7920008388056,295.97677611031713,22.13538003389175,11.094403626945331,29.589,2
Woking,E07000217,10.908330453265537,9.093043962633214,73.75929228349554,1.1038267838762776,7.81309,6.241269668292684,20.3011129254275,2.5840767195848104,77.46862765876791,133.31148992336267,20.416168978850518,11.818109077142548,10.804,9
Wokingham,E06000041,6.5299884403969335,5.9348877373187605,76.57966659295835,0.8800316571634281,4.713279274364884,4.951391473068685,16.9861837460792,2.1567463526105546,70.21744608545146,128.70540788059523,15.767931919979217,7.55782437121045,5.846,10
Wolverhampton,E08000031,29.414053821622453,15.520417881409411,58.7254906415686,1.0041172945142602,23.215805509284134,21.780975923126547,23.0925214473091,3.548509483938873,93.31332638481551,191.85228840961045,31.293317225265415,10.867057843152038,32.102,1
Worcester,E07000237,16.74081384423862,10.71457595170174,69.22474006197675,1.0860443490020735,16.562655285360933,15.4764706814255,28.5716126854411,2.7049513418007076,87.90545756504474,193.46986000335065,21.2233767274155,13.204296493938212,20.414,5
Worthing,E07000229,13.9742079160767,12.495219082423592,65.9779388058141,1.1787193686613329,9.800578101703604,8.82055227271883,22.3967525147567,2.3166495206555062,113.91361162984536,282.409603963083,20.23451277035035,13.40125746186906,17.012,6
Wychavon,E07000238,11.905073816872754,13.595756324745988,73.6978694167264,0.8736800505191333,7.48194865255974,14.0281833268755,15.8506773262105,2.2009359356284413,85.75117675640212,162.86600017557762,19.222471395448082,13.221641398834306,15.766,7
Wyre,E07000128,15.688318301148472,14.072859105435054,58.929583552236295,0.8202568501376106,9.36925675445895,12.27989610982525,23.4997551039143,2.2373757249588873,131.14618071990384,226.96624490828043,25.69158216607463,14.494394976253231,20.858,5
Wyre Forest,E07000239,18.229927879339872,13.221145966124812,65.45292716483125,1.259434587449831,9.73217737763133,15.5807099501404,29.08006844378,2.5571444742707143,82.85107675689119,201.38567941532284,21.17174735125325,12.880306005732466,22.437,4
York,E06000014,11.960773232999191,8.737396617582242,70.24288252062935,0.8834889144187695,9.470542364329196,14.074232074320001,25.6947545719678,2.288729734647053,105.03916134367829,205.34390839130978,17.9575262747547,11.919944173942012,11.727,9
